{"cameraMode":{"drawMode":0,"name":"Shaded","section":"Shading Mode"},"sceneLighting":true,"audioPlay":false,"sceneViewState":{"m_AlwaysRefresh":false,"showFog":true,"showSkybox":true,"showFlares":true,"showImageEffects":true,"showParticleSystems":true,"showVisualEffectGraphs":true,"m_FxEnabled":true},"in2DMode":false,"pivot":{"x":-1.8905525207519532,"y":0.8252315521240234,"z":-0.12757396697998048},"rotation":{"x":0.23946063220500947,"y":0.0035162034910172226,"z":-0.0008742003119550645,"w":0.9709123969078064},"size":11.092209815979004,"orthographic":false}